{"cameraMode":{"drawMode":0,"name":"Shaded","section":"Shading Mode"},"sceneLighting":true,"audioPlay":false,"sceneViewState":{"showFog":true,"showMaterialUpdate":false,"showSkybox":true,"showFlares":true,"showImageEffects":true,"showParticleSystems":true},"in2DMode":false,"pivot":{"x":-0.18530887365341187,"y":4.877559661865234,"z":-8.292694091796875},"rotation":{"x":0.25020742416381838,"y":0.005809174384921789,"z":-0.001501324470154941,"w":0.9681763648986816},"size":2.8578836917877199,"orthographic":false}